Name,Team,POS,ADP,IP,mERA,mWHIP,mSO,mSVHLD,PTS,aPOS,Dollars,PlayerId
Justin Verlander,NYM,SP,45.59000015258789,175,16.77751458328871,18.45352980628594,8.00702277726043,-5.27928907410586,37.958778092729226,21.52277268204318,60.48155077477241,8700
Sandy Alcantara,MIA,SP,30.969999313354492,228.2,9.489096588861388,5.566593822650417,10.2589179654961,-5.27928907410586,20.035319302901986,21.52277268204318,42.558091984945165,18684
Zac Gallen,ARI,SP,71.93000030517578,184,2.905624640934368,11.169657979124953,8.72353488260812,-5.27928907410586,17.519528428561586,21.52277268204318,40.04230111060477,19291
Julio Urias,LAD,SP,58.970001220703125,175,9.524129572988828,6.270638345174111,6.06220420560241,-5.27928907410586,16.577683049659502,21.52277268204318,39.10045573170268,14765
Max Scherzer,NYM,SP,46.13999938964844,145.1,5.923944943454914,9.063883363825433,6.77871631095011,-5.27928907410586,16.487255544124604,21.52277268204318,39.01002822616778,3137
Shane McClanahan,TBR,SP,42.40999984741211,166.1,2.5697417858276417,8.841728648357384,8.92825262699314,-5.27928907410586,15.060433987072347,21.52277268204318,37.583206669115526,21483
Alek Manoah,TOR,SP,67.72000122070312,196.2,8.94434999364292,3.5088944060434932,7.4952284162978,-5.27928907410586,14.669183741878355,21.52277268204318,37.19195642392154,26410
Emmanuel Clase,CLE,RP,25.790000915527344,72.2,9.666810456819755,11.227403059536801,-3.0477354195325,12.626240495649,30.47271859247306,5.097227315114666,36.56994590758772,21032
Shohei Ohtani,LAA,SP,9.65999984741211,166,6.169230115880952,1.3716187112232556,11.4872244318063,-5.27928907410586,13.748784184804707,21.52277268204318,36.27155686684789,19755
Tony Gonsolin,LAD,SP,175.5500030517578,130.1,7.2836064831458405,10.433287436226761,1.25133721255365,-5.27928907410586,13.688942057820388,21.52277268204318,36.211714739863574,19388
Nestor Cortes,NYY,SP,112.02999877929688,158.1,4.020233108026123,8.724571994024515,5.75512758902483,-5.27928907410586,13.220643616969621,21.52277268204318,35.74341629901281,17874
Cristian Javier,HOU,SP,58.900001525878906,148.2,2.233854779946568,5.984100078597201,8.92825262699314,-5.27928907410586,11.866918411431092,21.52277268204318,34.389691093474276,17606
Corbin Burnes,MIL,SP,15.210000038146973,202,-4.891346465449648,6.666042053547532,13.943837364427,-5.27928907410586,10.43924387841903,21.52277268204318,32.96201656046222,19361
Edwin Diaz,NYM,RP,22.170000076293945,62,8.705501031286486,6.204873401997824,1.14897834036111,10.0683076999697,26.127660473615162,5.097227315114666,32.22488778872983,14710
Clayton Kershaw,LAD,SP,124.0999984741211,126.1,5.288830689995451,5.607486558283564,3.09379691201913,-5.27928907410586,8.710825086192294,21.52277268204318,31.233597768235477,2036
Dylan Cease,CHW,SP,38.029998779296875,184,9.252336524946765,-7.899215612180518,12.3060954093465,-5.27928907410586,8.379927248006965,21.52277268204318,30.902699930050144,18525
Spencer Strider,ATL,SP,32.720001220703125,131.2,0.329446645037173,2.027305656497131,9.74712360453336,-4.42664480887943,7.6772310971882645,21.52277268204318,30.200003779231448,27498
Ryan Helsley,STL,RP,66.0999984741211,64.2,9.303955526443266,9.521173605928478,-1.30763459225953,5.80508637383763,23.32258091394984,5.097227315114666,29.419808229064497,18138
Max Fried,ATL,SP,67.69000244140625,185.1,4.111527090187416,1.1746117060206576,6.47163969437252,-5.27928907410586,6.478489416474745,21.52277268204318,29.001262098517927,13743
Triston McKenzie,CLE,SP,84.27999877929688,191.1,-5.136399538048819,7.6187703938721345,8.51881713822307,-5.27928907410586,5.72189891994053,21.52277268204318,28.24467160198371,18000
Carlos Rodon,NYY,SP,42.83000183105469,178,-3.259891877716653,-0.04171910655289204,13.3296841312719,-5.27928907410586,4.748784072896441,21.52277268204318,27.271556754939624,16137
Aaron Nola,PHI,SP,37.16999816894531,205,-11.328656032142728,7.23966673201417,13.1249663868868,-5.27928907410586,3.756688012652373,21.52277268204318,26.279460694695555,16149
Yu Darvish,SDP,SP,78,194.2,-7.919816575269679,7.717132707194828,9.23532924357074,-5.27928907410586,3.7533563013900517,21.52277268204318,26.276128983433235,13074
Jason Adam,TBR,RP,309.8299865722656,63.1,7.191382026289907,8.92240537014679,-3.25245316391755,7.08405277167726,19.945387004196405,5.097227315114666,26.042614319311074,11861
Evan Phillips,LAD,RP,258.8299865722656,63,9.884199305442905,8.867972649248527,-3.0477354195325,3.67347571077157,19.377912245930506,5.097227315114666,25.475139561045175,17734
A.J. Minter,ATL,RP,472.1400146484375,70,4.534990330225549,4.203266323963413,-1.30763459225953,11.3472740978093,18.777896159738795,5.097227315114666,24.875123474853456,18655
Tyler Anderson,LAA,SP,284.2099914550781,178.2,2.2345510794271717,2.185910067610909,3.19615578421166,-5.27928907410586,2.3373278571438862,21.52277268204318,24.860100539187073,12880
Jacob deGrom,TEX,SP,26.549999237060547,64.1,-2.5099972150034984,9.466740885030214,-0.488763614719316,-5.27928907410586,1.1886909812015483,21.52277268204318,23.71146366324473,10954
Devin Williams,MIL,RP,48.34000015258789,60.2,4.5891634675111845,0.4578514926763274,-1.10291684787448,12.1999183630358,16.144016475348824,5.097227315114666,22.241243790463486,15816
Shane Bieber,CLE,SP,56.380001068115234,200,-3.6220505086125434,-1.3086111064129742,9.33768811576325,-5.27928907410586,-0.8722625733680873,21.52277268204318,21.650510108675096,19427
Jeffrey Springs,TBR,SP,166.47999572753906,135.1,3.203693464765591,-3.2654539152024733,3.81030901736682,-5.27928907410586,-1.5307405071759153,21.52277268204318,20.992032174867266,17677
Zack Wheeler,PHI,SP,54.06999969482422,153,-1.9004624378525952,-0.9375245844349187,5.75512758902483,-5.27928907410586,-2.3621485073685315,21.52277268204318,20.160624174674652,10310
Paul Sewald,SEA,RP,179.58999633789062,64,0.18282006414949814,8.882617231040133,-3.55952978049513,6.65773063906405,12.16363815375855,5.097227315114666,18.260865468873213,13892
Matt Bush,MIL,SP/RP,588,59.2,-4.749592943232602,-0.08648402220709768,-3.35481203611008,3.67347571077157,-4.517413290778203,21.52277268204318,18.00535939126498,1246
Daniel Bard,COL,RP,125.5199966430664,60.1,5.468633456395625,0.9331076283946848,-3.86660639707271,9.21566343474328,11.750798122460912,5.097227315114666,17.848025437575576,7115
Jordan Romano,TOR,RP,45.16999816894531,64,3.8095125692994394,0.4075623015710364,-3.4571709083026,10.9209519651961,11.68085592776403,5.097227315114666,17.778083242878694,16122
Jhoan Duran,MIN,RP,123.33999633789062,67.2,5.586665338612638,1.6197433549260276,-1.81942895322217,5.80508637383763,11.192066114154123,5.097227315114666,17.28929342926879,21029
Gerrit Cole,NYY,SP,16.100000381469727,200.2,-16.26107007721842,0.9190180677508265,15.3768615751224,-5.27928907410586,-5.244479508451068,21.52277268204318,17.27829317359211,13125
Felix Bautista,BAL,RP,62.34000015258789,65.2,3.2292687902998027,3.1795269906182626,-1.92178782541469,6.65773063906405,11.144738594567416,5.097227315114666,17.241965909682083,20666
Andres Munoz,SEA,RP,146.33999633789062,65,1.3615183383059157,4.659734348097191,-1.10291684787448,5.80508637383763,10.723422212366254,5.097227315114666,16.820649527480917,20373
Brandon Woodruff,MIL,SP,34.40999984741211,153.1,-5.499950767905905,-3.5315423760453446,8.51881713822307,-5.27928907410586,-5.791965079834037,21.52277268204318,16.730807602209147,16162
Drew Rasmussen,TBR,SP,172.86000061035156,146,-1.9912922203601515,-1.0400366569761792,1.8654904457088,-5.27928907410586,-6.4451275057333755,21.52277268204318,16.077645176309808,25385
Anthony Bass,TOR,RP,744.2100219726562,70.1,8.188884935084946,0.5498625132189463,-3.4571709083026,4.52611997599799,9.807696515999286,5.097227315114666,15.90492383111395,7982
Alexis Diaz,CIN,RP,130.24000549316406,63.2,5.405238911117981,2.0908580373266066,-2.43358218637733,4.52611997599799,9.58863473806525,5.097227315114666,15.685862053179916,21132
Joe Musgrove,SDP,SP,77.0999984741211,181,-4.2571626866848264,-5.294694692096259,7.9046639050679,-5.27928907410586,-6.926482547819034,21.52277268204318,15.596290134224148,12970
Scott Barlow,KCR,RP,115.06999969482422,74.1,3.836946768835764,1.1381317734771987,-3.0477354195325,7.51037490429047,9.43771802707094,5.097227315114666,15.534945342185605,14993
Rafael Montero,HOU,RP,359.30999755859375,68.1,2.20479588162217,-0.009117583456085283,-3.4571709083026,10.4946298325829,9.233137222446429,5.097227315114666,15.330364537561092,12760
Matt Wisler,,SP/RP,999,44,1.9957021170707343,0.6443615988306908,-7.34680805161863,-2.72135627842659,-7.428100614143795,21.52277268204318,15.094672067899387,12804
Raisel Iglesias,ATL,RP,53.16999816894531,62,1.452116020986604,1.9673459372632756,-2.94537654733996,8.36301916951689,8.837104580426804,5.097227315114666,14.934331895541467,17130
John Schreiber,BOS,RP,533.280029296875,65,3.174864590880887,1.48158874954628,-3.35481203611008,7.51037490429047,8.812016208607563,5.097227315114666,14.909243523722226,20020
Luis Severino,NYY,SP,106.86000061035156,102,-4.893667463718324,1.4937473427439703,0.534825107205954,-5.27928907410586,-8.144384087874254,21.52277268204318,14.378388594168928,15890
Luis Castillo,SEA,SP,60.619998931884766,150.1,-4.502679958937732,-4.634857987603817,6.16456307779495,-5.27928907410586,-8.252263942852458,21.52277268204318,14.270508739190724,15689
Ross Stripling,SFG,SP,300.1000061035156,134.1,-4.321716693403224,0.42773803464863486,0.432466235013427,-4.85296694149265,-8.314479365233804,21.52277268204318,14.208293316809382,13273
Garrett Whitlock,BOS,SP,296.1700134277344,78.1,-5.95503015513833,0.13732823445999492,-2.53594105856986,-1.01606774797374,-9.369710727221937,21.52277268204318,13.153061954821244,20191
Liam Hendriks,CHW,RP,446.2799987792969,57.2,-0.7602776075330399,-0.6454641188821331,-2.22886444199228,10.4946298325829,6.860023664175495,5.097227315114666,12.95725097929016,3548
Erik Swanson,TOR,RP,514.280029296875,53.2,5.405006811291114,3.003794085594163,-3.76424752488019,1.96818718031873,6.612740552323823,5.097227315114666,12.709967867438488,16587
Adam Ottavino,NYM,RP,670.9000244140625,65.2,4.135941916587288,1.590454191342807,-2.84301767514744,3.67347571077157,6.556854143554227,5.097227315114666,12.654081458668893,1247
Ryan Pressly,HOU,RP,54.099998474121094,48.1,-1.4223608231815048,3.405827312354477,-4.27604188584281,8.78934130213007,6.496765905460256,5.097227315114666,12.593993220574923,7005
Andrew Heaney,TEX,SP,212.66000366210938,72.2,-3.0266133112050384,-2.544561200850481,0.3301073628209,-5.27928907410586,-10.520356223340471,21.52277268204318,12.00241645870271,15423
Jesus Luzardo,MIA,SP,142.4499969482422,100.1,-6.317188786034217,-0.5998728323082614,1.35369608474617,-5.27928907410586,-10.84265460770216,21.52277268204318,11.680118074341022,19959
Kenley Jansen,BOS,RP,76.02999877929688,64,-4.350545567287929,-0.6518195646126007,-2.22886444199228,12.1999183630358,4.968688789142981,5.097227315114666,11.065916104257647,3096
Jalen Beeks,TBR,SP/RP,720.1699829101562,61,-0.6332553794572989,-4.403589841630154,-3.76424752488019,-2.72135627842659,-11.522449024394223,21.52277268204318,11.00032365764896,17192
Framber Valdez,HOU,SP,80.83000183105469,201.1,-2.416148059359495,-13.952112044976348,8.92825262699314,-5.27928907410586,-12.719296551448519,21.52277268204318,9.803476130594662,17295
Edward Cabrera,MIA,SP,222.6199951171875,71.2,-2.391965332786485,-2.0295148495502766,-3.25245316391755,-5.27928907410586,-12.953222420360165,21.52277268204318,9.569550261683018,21690
Brooks Raley,NYM,RP,726.2100219726562,53.2,-0.035031946433798936,1.4147212863187077,-4.68547737461293,6.65773063906405,3.35194260433603,5.097227315114666,9.449169919450696,10061
Cionel Perez,CIN,RP,741.8300170898438,57.2,7.399780529054329,-4.353300650524863,-5.29963060776809,5.37876424122442,3.1256135119857906,5.097227315114666,9.222840827100457,19614
Miles Mikolas,STL,SP,237.33999633789062,202.1,-12.117527300652894,-0.6951941358892759,4.73153886709956,-5.27928907410586,-13.36047164354846,21.52277268204318,9.162301038494723,9803
Clay Holmes,NYY,RP,100.23999786376953,63.2,0.8718732796805544,-0.027905695040667883,-4.27604188584281,6.23140850645084,2.799334205247905,5.097227315114666,8.896561520362571,13649
Collin McHugh,ATL,RP,687.7899780273438,69.1,0.6634747769161314,3.183672596886433,-3.25245316391755,1.96818718031873,2.562881390203746,5.097227315114666,8.660108705318414,7531
Jimmy Herget,LAA,RP,390.3399963378906,69,1.54294580349416,4.188621742171806,-4.48075963022787,1.11554291509231,2.3663508305304015,5.097227315114666,8.46357814564507,17556
Bailey Ober,MIN,SP,287.8599853515625,56,-2.900054245089446,-0.768976218945468,-5.7090660965382,-5.27928907410586,-14.657385634678963,21.52277268204318,7.865387047364218,21224
Lance McCullers Jr.,HOU,SP,194.97000122070312,47.2,1.9595096715025493,-5.559128334624585,-5.81142496873072,-5.27928907410586,-14.690332705958612,21.52277268204318,7.8324399760845695,14120
Freddy Peralta,MIL,SP,143.47999572753906,78,-6.888905381135273,-0.446795419530087,-2.12650556979975,-5.27928907410586,-14.741495444570962,21.52277268204318,7.781277237472221,18679
Brock Burke,TEX,RP,583.52001953125,82.1,6.013147951787223,-1.393166237649027,-1.71707008102964,-1.44238988058695,1.4605217525215983,5.097227315114666,7.557749067636264,17968
Yency Almonte,LAD,RP,738.52001953125,35.1,5.921389769972198,4.2748296152472065,-7.55152579600368,-1.44238988058695,1.2023037086287633,5.097227315114666,7.299531023743429,15068
Sonny Gray,MIN,SP,212.2100067138672,119.2,-4.74820138196498,-6.623484254471259,1.04661946816859,-5.27928907410586,-15.604355242373503,21.52277268204318,6.918417439669678,12768
Michael King,NYY,RP,610.2100219726562,51,2.086531899578289,0.7468736713719476,-4.17368301365029,1.96818718031873,0.6279097376186744,5.097227315114666,6.72513705273334,19853
Giovanny Gallegos,STL,RP,302.3399963378906,59,-2.083978801482649,0.3343393926129962,-3.4571709083026,5.80508637383763,0.5982760566653709,5.097227315114666,6.6955033717800365,14986
Ryne Stanek,HOU,RP,750.4400024414062,54.2,8.3970513380225,-5.986307195175142,-4.5831185024204,2.39450931293194,0.22213495335889966,5.097227315114666,6.319362268473566,15947
Matt Moore,,RP,710.4500122070312,74,5.623090921701279,-5.802283077614707,-2.43358218637733,2.82083144554515,0.20805710325439133,5.097227315114666,6.305284418369057,1890
John Brebbia,SFG,SP/RP,999,68,-3.2624449758121985,-10.127678033098901,-5.40198947996062,2.39450931293194,-16.397603175939775,21.52277268204318,6.125169506103407,12777
Logan Webb,SFG,SP,110.76000213623047,192.1,-3.9577012638923956,-13.554222348009,5.75512758902483,-5.27928907410586,-17.036085096982415,21.52277268204318,5.4866875850607695,17995
Sam Hentges,CLE,RP,704.5499877929688,62,2.358789147274089,1.9673459372632756,-3.55952978049513,-1.44238988058695,-0.6757845765447207,5.097227315114666,5.4214427385699455,18548
Alex Vesia,LAD,RP,548.760009765625,54.1,2.929809442894546,-2.8625963939976957,-2.84301767514744,1.96818718031873,-0.8076174459318591,5.097227315114666,5.289609869182807,25007
David Robertson,NYM,RP,482.5899963378906,63.2,1.7785464059680398,-4.795124092867036,-2.63829993076238,4.52611997599799,-1.128757641663388,5.097227315114666,4.968469673451278,8241
Scott Effross,NYY,RP,999,56.2,0.7810434971729981,-1.189799633765562,-4.5831185024204,3.24715357815836,-1.7447210608546018,5.097227315114666,4.352506254260065,18384
David Bednar,PIT,RP,103.23999786376953,51.2,0.3275908841158216,-2.852095341999058,-3.86660639707271,4.52611997599799,-1.8649908789579517,5.097227315114666,4.232236436156715,19569
Brady Singer,KCR,SP,175.13999938964844,153.1,-8.219970146768361,-9.358142640055348,4.42446225052198,-5.27928907410586,-18.43293961040758,21.52277268204318,4.089833071635603,25377
Wade Miley,MIL,SP,531.5900268554688,37,-1.721820170586763,-3.695677938445118,-8.06332015696632,-5.27928907410586,-18.76010734010406,21.52277268204318,3.7626653419391256,8779
Joe Mantiply,ARI,RP,544.4500122070312,60,-0.9052805273262314,-1.7697797579626713,-4.68547737461293,4.9524421086112,-2.4080955512906255,5.097227315114666,3.6891317638240406,14857
Hector Neris,HOU,RP,623.760009765625,65.1,-6.771337698571995,0.4766396042609063,-2.84301767514744,6.65773063906405,-2.47998513039448,5.097227315114666,3.617242184720186,11804
Dillon Tate,BAL,RP,655.760009765625,73.2,-2.7545881633361056,1.1779199125838553,-4.78783624680545,3.67347571077157,-2.6910287867861316,5.097227315114666,3.4061985283285345,17796
Dylan Lee,ATL,RP,735.6900024414062,50.2,2.775585115109345,0.8410966078520657,-4.89019511899798,-1.44238988058695,-2.7159032766235267,5.097227315114666,3.3813240384911394,19996
Joe Ryan,MIN,SP,139.47999572753906,147,-12.599344587941042,-5.79261047301094,4.52682112271452,-5.27928907410586,-19.14442301234332,21.52277268204318,3.3783496696998583,21390
Blake Snell,SDP,SP,115.69000244140625,128,-8.701091134575904,-11.8974577910615,6.57399856656505,-5.27928907410586,-19.303839433178204,21.52277268204318,3.2189332488649782,13543
Camilo Doval,SFG,RP,77.0999984741211,67.2,1.0532997071752113,-7.914693440726706,-2.74065880295492,6.65773063906405,-2.94432189744236,5.097227315114666,3.152905417672306,21992
Michael Wacha,,SP,412.92999267578125,127.1,-8.039241056447896,-6.031069387944837,-0.284045870334263,-5.27928907410586,-19.633645388832846,21.52277268204318,2.8891272932103336,14078
Bryan Abreu,HOU,RP,493.2099914550781,60.1,4.56196033010814,-4.8934926356153206,-1.92178782541469,-1.01606774797374,-3.269387878895621,5.097227315114666,2.827839436219045,16609
Jorge Lopez,MIN,RP,241.41000366210938,71,1.1803229729445395,-5.846216822989526,-3.55952978049513,4.9524421086112,-3.272981521928911,5.097227315114666,2.8242457931857556,14527
Domingo Acevedo,OAK,RP,519.2100219726562,67.2,-4.3867390505497,1.0900524218342087,-4.99255399119051,4.9524421086112,-3.3367985112947958,5.097227315114666,2.7604288038198694,17092
Bryce Elder,ATL,SP,551.0999755859375,54,-2.537431414539826,-6.09517471344687,-6.11850158530831,-5.27928907410586,-20.030396787400853,21.52277268204318,2.4923758946423282,27779
Yimi Garcia,TOR,RP,724.5499877929688,61,-2.4466016320322694,-0.6957533099874241,-4.99255399119051,4.52611997599799,-3.608788957212209,5.097227315114666,2.4884383579024574,12095
Kyle Wright,ATL,SP,121.23999786376953,180.1,-9.035349290894553,-12.670575463324658,6.88107518314263,-5.27928907410586,-20.10413864518243,21.52277268204318,2.4186340368607504,19665
Robert Suarez,SDP,RP,449.8299865722656,47.2,1.9595096715025493,-0.7919099367982171,-4.68547737461293,-0.163423482747323,-3.681301122655919,5.097227315114666,2.4159261924587474,30115
Reynaldo Lopez,CHW,RP,424.5899963378906,65.1,-0.424625814559598,2.5954033366281806,-4.48075963022787,-1.44238988058695,-3.7523719887462477,5.097227315114666,2.3448553263684184,16400
Trevor Stephan,CLE,RP,576.280029296875,63.2,-0.0347998466069309,-5.324815025958855,-2.53594105856986,4.09979784338478,-3.795758087750859,5.097227315114666,2.301469227363807,19932
Rony Garcia,DET,SP/RP,999,51,-8.793545615871537,-0.3125081948116895,-6.01614271311578,-5.27928907410586,-20.40148559790486,21.52277268204318,2.121287084138323,20430
Jordan Montgomery,STL,SP,156.86000061035156,178.1,-14.112765218069846,-6.343573429806049,5.2433332280622,-5.27928907410586,-20.492294493919548,21.52277268204318,2.0304781881236345,16511
Seranthony Dominguez,PHI,RP,248.5500030517578,51,-1.5401606055716521,-2.9609628602707825,-4.68547737461293,4.9524421086112,-4.234158731844157,5.097227315114666,1.8630685832705094,19249
James Karinchak,CLE,RP,373.760009765625,39,2.4489226303010425,-1.5476250424946272,-4.5831185024204,-0.589745615360535,-4.271566529974519,5.097227315114666,1.8256607851401463,20151
Matt Manning,DET,SP,446.760009765625,63,-4.6225707151568605,-4.903991611138756,-6.01614271311578,-5.27928907410586,-20.82199411351725,21.52277268204318,1.7007785685259327,20369
Eli Morgan,CLE,RP,712.5499877929688,66.2,-4.658764198418633,4.783244371685324,-3.55952978049513,-1.01606774797374,-4.451117355202182,5.097227315114666,1.6461099599124835,20203
Chris Martin,BOS,RP,568.1699829101562,56,-1.9933811188019608,1.3497875134218065,-3.35481203611008,-0.589745615360535,-4.588151256850765,5.097227315114666,1.509076058263901,11847
Zach Jackson,OAK,RP,655.3099975585938,48,-1.4495629228909646,-6.183042204196521,-4.07132414145777,7.08405277167726,-4.619876496867992,5.097227315114666,1.4773508182466748,19493
Trevor Williams,WSN,SP,603.8300170898438,89.2,-4.748897681445585,-9.7112763736786,-2.3312233141848,-4.42664480887943,-21.218042178188426,21.52277268204318,1.3047305038547585,16977
Johan Oviedo,PIT,SP/RP,578.1699829101562,56,-2.900054245089446,-7.654958349139109,-5.40198947996062,-5.27928907410586,-21.236291148295024,21.52277268204318,1.286481533748157,22487
Penn Murfee,SEA,RP,744.719970703125,69.1,-2.0565446019463245,2.6539816637946143,-3.15009429172502,-2.29503414581338,-4.847691375690108,5.097227315114666,1.249535939424558,25174
Adam Cimber,TOR,RP,736.969970703125,70.2,-0.8506442280804473,-3.6332322306173386,-4.99255399119051,4.52611997599799,-4.950310473890302,5.097227315114666,1.1469168412243647,15288
Brad Boxberger,CHC,RP,495,64,-1.6305261884254723,-7.008110761714423,-3.96896526926524,7.51037490429047,-5.097227315114666,5.097227315114666,1,10133
Sammy Long,SFG,SP/RP,999,42.1,-3.961184836682584,-5.157095107864271,-7.55152579600368,-4.85296694149265,-21.52277268204318,21.52277268204318,1,25379
Andrew Chafin,,RP,695.3099975585938,57.1,-0.7874807449360836,-4.407735447898325,-4.07132414145777,4.09979784338478,-5.166742490907389,5.097227315114666,0.9304848242072774,12988
Jose Alvarado,PHI,RP,490.54998779296875,51,-2.4468337318591376,-5.079726592638057,-2.63829993076238,4.9524421086112,-5.212418146648374,5.097227315114666,0.8848091684662913,17780
A.J. Puk,OAK,RP,404.6199951171875,66.1,-2.8726200455531212,-4.275934211773855,-3.15009429172502,4.9524421086112,-5.346206440440791,5.097227315114666,0.7510208746738749,19343
Ron Marinaccio,NYY,RP,722.760009765625,44,2.9023752433582195,-0.4150202673529464,-5.19727173557556,-2.72135627842659,-5.431273037996878,5.097227315114666,0.665954277117788,23488
Domingo German,NYY,SP,439.4100036621094,72.1,-6.680507916064439,-5.247448587207837,-4.99255399119051,-5.27928907410586,-22.19979956856864,21.52277268204318,0.32297311347454394,17149
Tarik Skubal,DET,SP,421.30999755859375,117.2,-9.825617309140272,-8.241846217329936,1.04661946816859,-5.27928907410586,-22.30013313240747,21.52277268204318,0.2226395496357093,22267
Griffin Jax,MIN,RP,664,72.1,-4.867161663489468,-1.009921122473289,-2.94537654733996,2.82083144554515,-6.001627887757573,5.097227315114666,0.09559942735709182,20253
Zach Eflin,TBR,SP,296.239990234375,75.2,-10.370596004185607,-4.089700254751118,-4.27604188584281,-4.00032267626622,-22.736660821045767,21.52277268204318,-0.2138881390025833,13774
Jose Quintana,NYM,SP,337.760009765625,165.2,-4.021795221731405,-16.543652153893657,3.09379691201913,-5.27928907410586,-22.750939537711783,21.52277268204318,-0.22816685566859962,11423
Nick Martinez,SDP,SP,430.1000061035156,106.1,-8.311730403970564,-14.81366053503771,-1.20527572006701,1.54186504770552,-22.788801611369767,21.52277268204318,-0.2660289293265834,12730
Logan Gilbert,SEA,SP,110.55000305175781,185.2,-9.461369779802581,-15.191378651877844,6.88107518314263,-5.27928907410586,-23.050962322643645,21.52277268204318,-0.5281896406004638,22250
Wandy Peralta,NYY,RP,741.030029296875,56.1,-0.15283276651753083,-0.7145434980472045,-6.11850158530831,0.262898649865887,-6.722979200007155,5.097227315114666,-0.6257518848924888,14295
Ryan Pepiot,LAD,SP,521.8599853515625,36.1,-2.873316345033723,-8.42310819716483,-6.63029594627094,-5.27928907410586,-23.206009562575346,21.52277268204318,-0.6832368805321634,26221
Merrill Kelly,ARI,SP,244.89999389648438,200.1,-13.568250722678245,-11.84799289440068,7.18815179972022,-5.27928907410586,-23.507380891464567,21.52277268204318,-0.9846082094213859,11156
Steven Okert,MIA,RP,750.760009765625,51.1,-1.5129585058621928,-3.965912005556156,-4.48075963022787,2.82083144554515,-7.1387986961010705,5.097227315114666,-1.041571380986405,13580
Brandon Hughes,CHC,RP,323.8999938964844,57.2,-2.57362386010801,-2.234536918157589,-3.96896526926524,1.54186504770552,-7.235260999825318,5.097227315114666,-1.1380336847106514,23460
Javier Assad,CHC,SP,727.1400146484375,37.2,-1.6674149334742596,-8.883719751091578,-7.85860241258126,-5.27928907410586,-23.689026171252955,21.52277268204318,-1.166253489209773,21741
Chris Bassitt,TOR,SP,150.33999633789062,181.2,-13.269489750140766,-11.542120447401555,6.16456307779495,-5.27928907410586,-23.926336193853228,21.52277268204318,-1.403563511810046,12304
Kyle Nelson,ARI,RP,745.239990234375,37,1.904872334563178,-1.0472232729860256,-7.85860241258126,-0.589745615360535,-7.590698966364649,5.097227315114666,-1.4934716512499828,20515
George Kirby,SEA,SP,96.13999938964844,130,-9.063713965125524,-12.397859560570103,2.68436142324902,-5.27928907410586,-24.056501176552455,21.52277268204318,-1.5337284945092744,25436
Adrian Sampson,CHC,SP,714.6199951171875,104.1,-4.3224150682710025,-11.135113166978199,-3.4571709083026,-5.27928907410586,-24.193988217657655,21.52277268204318,-1.6712155356144738,13339
Brusdar Graterol,LAD,RP,438.92999267578125,49.2,-2.936478790484499,0.8264520260604554,-6.52793707407841,0.689220782479098,-7.9487430560233605,5.097227315114666,-1.8515157409086944,20367
Marcus Stroman,CHC,SP,277.4100036621094,138.2,-11.366474214192579,-8.993691865889799,1.25133721255365,-5.27928907410586,-24.38811794163459,21.52277268204318,-1.8653452595914062,13431
Kyle Finnegan,WSN,RP,226.97000122070312,66.2,-5.565437324706117,-4.221501490875591,-3.76424752488019,5.37876424122442,-8.172422099237474,5.097227315114666,-2.0751947841228073,15009
Jaime Barria,LAA,RP,999,79.1,0.6637068767429997,-0.37771811684021717,-5.40198947996062,-3.1476784110398,-8.263679131097634,5.097227315114666,-2.1664518159829673,18356
Drew Smyly,CHC,SP,411.69000244140625,106.1,-8.311730403970564,-9.516751204119522,-1.61471120883711,-5.27928907410586,-24.722481891033055,21.52277268204318,-2.1997092089898698,11760
Jovani Moran,MIN,RP,737.6900024414062,40.2,1.8686798889949936,-0.894422009339474,-5.40198947996062,-4.00032267626622,-8.428054276571318,5.097227315114666,-2.330826961456652,20422
Nick Lodolo,CIN,SP,124.93000030517578,103.1,-10.034478973864847,-12.209139614953443,2.47964367886397,-5.27928907410586,-25.04326398406018,21.52277268204318,-2.520491302016996,26378
Ryan Tepera,LAA,RP,629.239990234375,57.1,-5.3208463763735105,-1.7592807824392314,-6.11850158530831,4.52611997599799,-8.672508768123054,5.097227315114666,-2.5752814530083863,10291
Luis Garcia,HOU,SP,149.52000427246094,157.1,-16.19860081816749,-8.769873379797104,5.14097435586968,-5.27928907410586,-25.10678891620077,21.52277268204318,-2.58401623415759,23735
Tim Mayza,TOR,RP,999,48.2,-2.301830812065946,-2.366338154282062,-6.42557820188589,2.39450931293194,-8.699237855301956,5.097227315114666,-2.6020105401872895,15042
Braxton Garrett,MIA,SP,364.1400146484375,88,-7.795346407595888,-10.364477330358554,-1.71707008102964,-5.27928907410586,-25.156182893089937,21.52277268204318,-2.6334102110467543,21844
Colin Poche,TBR,RP,723.9299926757812,58.2,-7.741637469963989,-4.338656068733258,-4.37840075803535,7.51037490429047,-8.948319392442121,5.097227315114666,-2.851092077327456,19403
Caleb Thielbar,MIN,RP,748.239990234375,59.1,-4.776796080635645,-4.378446284315111,-2.74065880295492,2.82083144554515,-9.075069722360519,5.097227315114666,-2.9778424072458534,10078
Jon Gray,TEX,SP,188.33999633789062,127.1,-16.199299193035262,-7.0904512541284745,2.78672029544155,-5.27928907410586,-25.78231922582804,21.52277268204318,-3.25954654378486,14916
Seth Martinez,HOU,RP,999,38.2,2.231302719544614,-0.39402023983087214,-7.03973143504105,-4.42664480887943,-9.62909376420674,5.097227315114666,-3.5318664490920737,21045
Michael Kopech,CHW,SP,294.30999755859375,119.1,-10.215442239399355,-10.385753507012254,-0.181686998141736,-5.27928907410586,-26.06217181865919,21.52277268204318,-3.5393991366160122,17282
Jose Leclerc,TEX,RP,170.27999877929688,47.2,-0.7605097073599065,-2.910673669165491,-5.40198947996062,-0.589745615360535,-9.66291847184655,5.097227315114666,-3.5656911567318836,14524
Joe Jimenez,ATL,RP,602.719970703125,56.2,-4.658995260551913,-2.249181499949199,-3.0477354195325,0.262898649865887,-9.69301353016772,5.097227315114666,-3.595786215053054,15761
Kevin Gausman,TOR,SP,56.720001220703125,174.2,-11.546973280073352,-19.58999651632009,10.054200221111,-5.27928907410586,-26.362058649388327,21.52277268204318,-3.8392859673451447,14107
Nick Sandlin,CLE,RP,999,44,1.9957021170707343,-3.063474932812039,-6.73265481846347,-2.29503414581338,-10.09546178001815,5.097227315114666,-3.9982344649034847,20517
Luis Garcia,SDP,RP,726.47998046875,61,-4.25994788460724,-5.99266264090561,-3.96896526926524,4.09979784338478,-10.121777951393302,5.097227315114666,-4.024550636278637,6984
Dylan Coleman,KCR,RP,603.4500122070312,68,-0.5424255969497428,-7.47922336763981,-3.66188865268766,1.54186504770552,-10.141672569571691,5.097227315114666,-4.044445254457024,22276
Lance Lynn,CHW,SP,131.86000061035156,121.2,-15.990901727964424,-7.123886023979865,1.76313157351628,-5.27928907410586,-26.63094525253387,21.52277268204318,-4.1081725704906855,2520
Bailey Falter,PHI,SP,421.4100036621094,84,-9.790120125359104,-8.304291925157711,-3.35481203611008,-5.27928907410586,-26.728513160732742,21.52277268204318,-4.205740478689559,20070
Devin Smeltzer,,SP,999,70.1,-7.224558211802305,-7.3955014831583314,-6.83501369065599,-5.27928907410586,-26.734362459722483,21.52277268204318,-4.211589777679301,19487
Martin Perez,TEX,SP,317.4800109863281,196.1,-3.776273798704151,-24.08946268267893,6.36928082217999,-5.27928907410586,-26.775744733308933,21.52277268204318,-4.252972051265755,6902
Alex Lange,DET,RP,217,63.1,-4.595368615447401,-6.968322622607769,-2.53594105856986,3.67347571077157,-10.426156585853454,5.097227315114666,-4.328929270738787,19883
Daniel Castano,,SP,999,35.2,-4.93148460807458,-7.8536270484911554,-8.88219113450652,-5.27928907410586,-26.94659186517813,21.52277268204318,-4.423819183134946,19805
Drew Smith,NYM,RP,999,46,-2.9002863449163128,-3.0341857692288223,-5.50434835215314,0.689220782479098,-10.749599683819179,5.097227315114666,-4.652372368704514,17755
Hunter Harvey,WSN,RP,516.6900024414062,39.1,0.6627784774355303,-2.5525741877800012,-6.32321932969336,-2.72135627842659,-10.934371318464418,5.097227315114666,-4.837144003349752,15507
Steven Wilson,SDP,RP,999,53,-1.9027834361212725,-0.8129099643202913,-5.50434835215314,-2.72135627842659,-10.941398031021295,5.097227315114666,-4.84417071590663,20353
Carl Edwards Jr.,WSN,RP,702,62,-0.3612302315883666,-6.507708992205822,-5.19727173557556,1.11554291509231,-10.950668044277444,5.097227315114666,-4.853440729162778,13607
Dylan Floro,MIA,RP,263.5199890136719,53.2,-1.8483781990087693,-4.4118789776912966,-6.01614271311578,1.11554291509231,-11.16085697472354,5.097227315114666,-5.063629659608873,13394
Gregory Soto,PHI,RP,349.3800048828125,60.1,-3.598097806479227,-11.249783832717142,-4.78783624680545,8.36301916951689,-11.272698716484932,5.097227315114666,-5.175471401370267,19677
Sam Moll,OAK,RP,999,43.1,-0.9691403099511962,-5.67214145916448,-6.22086045750083,1.54186504770552,-11.320277178910988,5.097227315114666,-5.223049863796322,14874
Kendall Graveman,CHW,RP,247.7899932861328,65,-3.1718472931315103,-12.820066443932824,-4.17368301365029,8.78934130213007,-11.376255448584523,5.097227315114666,-5.279028133469857,15514
Steven Matz,STL,SP/RP,327.69000244140625,48,-12.32964043834079,-5.653351271104702,-5.40198947996062,-4.42664480887943,-27.811625998285535,21.52277268204318,-5.2888533162423546,13361
Enyel De Los Santos,CLE,RP,750.4500122070312,53.1,-1.875581336411813,-1.2881681765138464,-4.68547737461293,-3.57400054365301,-11.423227431191595,5.097227315114666,-5.326000116076931,18403
Taylor Rogers,SFG,RP,324.07000732421875,64.1,-13.390074730453321,-5.364605241540705,-2.3312233141848,9.64198556735649,-11.443917718822311,5.097227315114666,-5.346690403707645,13449
Walker Buehler,LAD,SP,748.6199951171875,65,-8.611886050856423,-9.112229912290093,-4.99255399119051,-5.27928907410586,-27.995959028442876,21.52277268204318,-5.473186346399693,19374
Seth Lugo,SDP,RP,501.54998779296875,65,-5.8918666719939665,-4.874702447555544,-3.86660639707271,2.82083144554515,-11.812344071077069,5.097227315114666,-5.715116755962404,12447
Tylor Megill,NYM,SP/RP,409.9700012207031,47.1,-11.667790360212775,-5.6135631319980455,-5.7090660965382,-5.27928907410586,-28.26970866285487,21.52277268204318,-5.74693598081169,21318
Josh Hader,SDP,RP,34.900001525878906,50,-12.692263268890407,-6.683443973705123,-2.63829993076238,10.0683076999697,-11.945699473388185,5.097227315114666,-5.848472158273521,14212
David Price,,RP,999,40.1,0.9348036253044626,-3.0676205390802096,-7.14209030723358,-2.72135627842659,-11.996263499435912,5.097227315114666,-5.899036184321245,3184
Erasmo Ramirez,WSN,RP,749.239990234375,86.1,-1.9654827196119,-2.3939697766662307,-4.68547737461293,-3.1476784110398,-12.192608281930857,5.097227315114666,-6.095380966816191,10314
Patrick Sandoval,LAA,SP,211.33999633789062,148.2,-3.206183977778344,-24.73797404072828,4.52682112271452,-5.27928907410586,-28.696625969897966,21.52277268204318,-6.173853287854783,19447
JP Sears,OAK,SP,537.6599731445312,70,-8.158433437799244,-9.56869793642387,-5.7090660965382,-5.27928907410586,-28.715486544867172,21.52277268204318,-6.192713862823989,23429
Jose Quijada,LAA,RP,742.52001953125,40.2,-5.384705121304889,-2.4834948086149295,-5.60670722434567,1.11554291509231,-12.359364239173182,5.097227315114666,-6.262136924058517,19200
Brad Hand,,RP,749.8099975585938,45,-0.4522921139227894,-7.286357815754983,-7.03973143504105,2.39450931293194,-12.38387205178688,5.097227315114666,-6.286644736672214,9111
Diego Castillo,SEA,RP,587.8300170898438,54.1,-5.230248693692823,-3.392287327089514,-5.50434835215314,1.54186504770552,-12.585019325229961,5.097227315114666,-6.487792010115294,17496
Dean Kremer,BAL,SP,517.47998046875,125.1,-6.76994509961079,-15.065104414088967,-2.02414669760722,-5.27928907410586,-29.138485285412834,21.52277268204318,-6.615712603369653,19350
Chase De Jong,PIT,RP,999,71.2,0.32805404607597055,-4.677969515009369,-4.89019511899798,-3.57400054365301,-12.81411113158439,5.097227315114666,-6.716883816469724,15036
Jordan Hicks,STL,SP/RP,676.2100219726562,61.1,-13.299477047772635,-9.64606645165008,-4.48075963022787,-1.86871201320016,-29.295015142850755,21.52277268204318,-6.772242460807571,19618
Taijuan Walker,PHI,SP,309.6199951171875,157.1,-12.571908313017547,-14.066782710715291,2.5820025510565,-5.27928907410586,-29.335977546782196,21.52277268204318,-6.813204864739017,11836
Justin Steele,CHC,SP,267.54998779296875,119,-5.709278707671385,-20.50431395665507,1.96784931790134,-5.27928907410586,-29.525032420530973,21.52277268204318,-7.002259738487792,17312
Matt Brash,SEA,SP/RP,468.239990234375,50.2,-9.011165526627964,-14.519940451810672,-4.5831185024204,-1.44238988058695,-29.556614361445995,21.52277268204318,-7.033841679402814,25756
Jack Flaherty,STL,SP,219.66000366210938,36,-5.620537823605637,-11.125995583522185,-7.55152579600368,-5.27928907410586,-29.57734827723736,21.52277268204318,-7.054575595194175,17479
Carlos Estevez,LAA,RP,253.27999877929688,57,-4.441375349795484,-4.462168168796588,-5.40198947996062,1.11554291509231,-13.18999008346038,5.097227315114666,-7.092762768345713,14542
Keegan Akin,BAL,RP,738.760009765625,81.2,-4.205079485534588,-2.9424508978178263,-3.0477354195325,-3.1476784110398,-13.342944213924705,5.097227315114666,-7.2457168988100396,19362
Reid Detmers,LAA,SP,204.07000732421875,129,-13.869104744431885,-12.41250414236171,1.55841382913123,-5.27928907410586,-30.002484131768224,21.52277268204318,-7.479711449725039,27468
Robbie Ray,SEA,SP,97.02999877929688,189,-19.30775090319559,-16.30104763269158,10.7707123264587,-5.27928907410586,-30.11737528353436,21.52277268204318,-7.5946026014911805,11486
Roansy Contreras,PIT,SP,286.4800109863281,95,-10.42453600395079,-12.380728990184574,-2.12650556979975,-5.27928907410586,-30.211059638040965,21.52277268204318,-7.688286955997784,22810
Jake Woodford,STL,RP,750.8900146484375,48.1,2.204331681968436,-2.4207729516555276,-8.47275564573643,-5.27928907410586,-13.968485989529375,5.097227315114666,-7.871258674414708,18674
Andrew Wantz,LAA,RP,999,50.1,-2.6916567800186106,-3.4508656542559484,-5.60670722434567,-2.29503414581338,-14.044263804433605,5.097227315114666,-7.947036489318938,24933
Trevor Gott,SEA,RP,999,45.2,-6.744598760822683,-0.29150816728961526,-6.42557820188589,-0.589745615360535,-14.051430745358724,5.097227315114666,-7.954203430244057,15046
Garrett Hill,DET,SP/RP,999,60.1,-8.131463437916654,-10.720092899625325,-6.83501369065599,-4.85296694149265,-30.539536969690616,21.52277268204318,-8.016764287647431,25097
Craig Kimbrel,PHI,RP,272.54998779296875,60,-6.345319285051143,-9.18545282124813,-3.55952978049513,4.9524421086112,-14.137859778183197,5.097227315114666,-8.040632463068532,6655
Pablo Lopez,MIN,SP,162.75999450683594,180,-19.035957855153526,-13.254703270265143,6.88107518314263,-5.27928907410586,-30.688875016381886,21.52277268204318,-8.166102334338705,17085
Michael Fulmer,,RP,726.4500122070312,63.2,-4.5681654780443575,-11.681106223060675,-4.68547737461293,6.65773063906405,-14.277018436653911,5.097227315114666,-8.179791121539242,13218
Nathan Eovaldi,TEX,SP,239.5500030517578,109.1,-12.935693718088679,-12.121272124203795,-0.386404742526789,-5.27928907410586,-30.722659658925124,21.52277268204318,-8.19988697688194,9132
Tanner Houck,BOS,RP,389,60,-2.718626779901202,-4.947925356513584,-5.19727173557556,-1.44238988058695,-14.306213752577303,5.097227315114666,-8.208986437462638,19879
Beau Brieske,DET,SP,747.030029296875,81.2,-12.365137622121956,-7.709669295644194,-5.40198947996062,-5.27928907410586,-30.75608547183262,21.52277268204318,-8.233312789789437,26079
Matt Strahm,PHI,RP,746.7899780273438,44.2,-5.203277656116645,-5.073371146907589,-5.60670722434567,1.54186504770552,-14.341490979664384,5.097227315114666,-8.244263664549718,13799
Nabil Crismatt,SDP,RP,750.8599853515625,67.1,-1.6939217713967039,-5.320671496165877,-4.27604188584281,-3.1476784110398,-14.438313564445199,5.097227315114666,-8.341086249330532,17732
Tyler Wells,BAL,SP,522.969970703125,103.2,-16.353988758167784,-6.328106630045176,-3.15009429172502,-5.27928907410586,-31.111478754043826,21.52277268204318,-8.588706072000647,20000
Anibal Sanchez,,SP,999,69.1,-11.123275864821176,-8.999218864225394,-6.01614271311578,-5.27928907410586,-31.417926516268203,21.52277268204318,-8.895153834225022,3284
Konnor Pilkington,CLE,SP,749.1699829101562,58,-6.889369580789008,-13.452269449565897,-5.81142496873072,-5.27928907410586,-31.43235307319149,21.52277268204318,-8.909580391148305,21453
Ryan Thompson,TBR,RP,999,42.2,-4.840654825567025,-3.5135875112153494,-6.93737256284853,0.262898649865887,-15.02871624976501,5.097227315114666,-8.931488934650343,16647
Zach Pop,TOR,RP,999,39,-0.2710967485614131,-2.6070069086782643,-8.3703967735439,-4.00032267626622,-15.248823107049802,5.097227315114666,-9.151595791935133,20185
Keegan Thompson,CHC,SP,543.4500122070312,115,-12.237418056872025,-14.736292019811499,0.125389618435845,-4.85296694149265,-31.70128739974032,21.52277268204318,-9.178514717697142,19795
Connor Brogdon,PHI,RP,743.9000244140625,44,-2.5376635143666917,-5.182238665179313,-5.81142496873072,-1.86871201320016,-15.400039161476899,5.097227315114666,-9.302811846362232,21205
Jameson Taillon,CHC,SP,245.7899932861328,177.1,-21.638175376238657,-9.53636361014858,4.52682112271452,-5.27928907410586,-31.927006937778586,21.52277268204318,-9.404234255735403,11674
Cole Ragans,TEX,SP,999,40,-9.065802863567335,-9.478344457080295,-8.16567902915885,-5.27928907410586,-31.989115423912335,21.52277268204318,-9.46634274186915,21846
Tanner Banks,CHW,RP,999,53,-1.9027834361212725,-2.9316736966875654,-5.91378384092325,-4.85296694149265,-15.601207915224734,5.097227315114666,-9.503980600110065,16990
Andrew Bellatti,PHI,RP,750.5399780273438,54.1,-3.416902441117851,-8.689196658007699,-2.94537654733996,-0.589745615360535,-15.641221261826056,5.097227315114666,-9.543993946711389,10657
Max Castillo,KCR,SP/RP,999,39.1,-12.937318416876751,-6.79010165251455,-7.14209030723358,-5.27928907410586,-32.14879945073073,21.52277268204318,-9.626026768687549,21956
Andre Pallante,STL,SP,732.1400146484375,108,-5.0748628290797,-22.25447715563822,-3.4571709083026,-1.44238988058695,-32.22890077360748,21.52277268204318,-9.706128091564299,26108
Jose Suarez,LAA,SP,362.6199951171875,109,-13.869568944085621,-12.705395778193871,-0.386404742526789,-5.27928907410586,-32.240658538912136,21.52277268204318,-9.717885856868955,19911
David Phelps,,RP,999,63.2,-0.9414729728944163,-9.562342490693402,-4.37840075803535,-1.01606774797374,-15.898283969596914,5.097227315114666,-9.801056654482245,6316
Clarke Schmidt,NYY,RP,495.45001220703125,57.2,-2.57362386010801,-5.4126825167085,-5.19727173557556,-2.72135627842659,-15.904934390818662,5.097227315114666,-9.807707075703995,19899
David Peterson,NYM,SP,389.8999938964844,105.2,-12.183245957279976,-17.422327061390156,1.96784931790134,-4.85296694149265,-32.490690642261434,21.52277268204318,-9.967917960218255,20302
Eric Lauer,MIL,SP,280,158.2,-15.89937564597627,-16.64616422643492,5.14097435586968,-5.27928907410586,-32.683854590647364,21.52277268204318,-10.161081908604183,19316
Daulton Jefferies,OAK,SP,999,39.1,-12.030645290589264,-7.319792585606368,-8.06332015696632,-5.27928907410586,-32.6930471072678,21.52277268204318,-10.17027442522462,19345
Taylor Clarke,KCR,RP,750.7100219726562,49,-6.617576532746943,-4.0496338900376365,-6.01614271311578,0.262898649865887,-16.420454486034473,5.097227315114666,-10.323227170919806,17611
Vince Velasquez,PIT,SP,684.1699829101562,75.1,-15.837836861619982,-8.381660440383929,-3.86660639707271,-4.85296694149265,-32.93907064056926,21.52277268204318,-10.416297958526076,11189
Johnny Cueto,MIA,SP,478.1000061035156,158.1,-10.48653691257364,-16.70059279438278,-0.488763614719316,-5.27928907410586,-32.95518239578159,21.52277268204318,-10.432409713738407,6893
Matthew Festa,SEA,RP,750.719970703125,54,-7.977470172264738,-2.917029114895959,-4.37840075803535,-1.86871201320016,-17.141612058396213,5.097227315114666,-11.044384743281544,19330
Cal Quantrill,CLE,SP,326.7900085449219,186.1,-12.84323716140587,-17.87961730349319,2.17256706228638,-5.27928907410586,-33.82957647671852,21.52277268204318,-11.306803794675341,19312
Jared Koenig,,SP/RP,999,39.1,-12.030645290589264,-7.849483518698188,-8.67747339012151,-5.27928907410586,-33.83689127351479,21.52277268204318,-11.314118591471606,27517
Hunter Greene,CIN,SP,112.66000366210938,125.2,-22.156186146788574,-12.36221702773161,5.85748646121737,-5.27928907410586,-33.94020578740867,21.52277268204318,-11.417433105365493,22182
Davis Martin,CHW,SP/RP,714.52001953125,63.1,-13.662099878322255,-9.087086354975042,-6.01614271311578,-5.27928907410586,-34.04461802051893,21.52277268204318,-11.521845338475748,21448
Corey Knebel,,RP,750.52001953125,44.2,-3.389931403541674,-8.2515167454585,-6.73265481846347,0.689220782479098,-17.684882184984545,5.097227315114666,-11.58765486986988,15010
Bryan Baker,BAL,RP,734.0999755859375,69.2,-5.656035007386805,-7.885404277143493,-3.15009429172502,-1.01606774797374,-17.707601324229064,5.097227315114666,-11.6103740091144,19804
Lucas Luetge,ATL,RP,999,57.1,0.11919238135140156,-11.293717578091966,-4.78783624680545,-1.86871201320016,-17.831073456746186,5.097227315114666,-11.733846141631522,8337
Cory Abbott,WSN,SP/RP,999,48,-12.32964043834079,-10.420569668931071,-6.32321932969336,-5.27928907410586,-34.352718511071075,21.52277268204318,-11.82994582902789,20277
Tyler Matzek,ATL,RP,999,43.2,-3.6619565514106065,-5.6177066617910185,-7.2444491794261,-1.44238988058695,-17.966502273214687,5.097227315114666,-11.869274958100021,10058
Josh Winder,MIN,SP,726.0700073242188,67,-13.507874512843468,-9.61263168179869,-6.11850158530831,-5.27928907410586,-34.51829685405632,21.52277268204318,-11.995524172013136,24606
Hoby Milner,MIL,RP,999,64.2,-7.016160746731467,-5.310172520642441,-4.37840075803535,-1.44238988058695,-18.147123905996207,5.097227315114666,-12.049896590881541,13346
Aaron Loup,LAA,RP,999,58.2,-6.834964343676504,-8.576183533467805,-5.60670722434567,2.82083144554515,-18.19702365594483,5.097227315114666,-12.099796340830167,10343
Jimmy Lambert,CHW,RP,999,47,-2.6282611970473804,-8.316450518355401,-6.32321932969336,-1.01606774797374,-18.28399879306989,5.097227315114666,-12.186771477955222,19541
Phil Maton,HOU,RP,999,65.2,-7.650808725150021,-7.9439826043099275,-3.4571709083026,0.689220782479098,-18.36274145528346,5.097227315114666,-12.26551414016879,18064
Luis Cessa,CIN,SP,731.3800048828125,80.2,-15.357182148853346,-11.432150409078531,-4.89019511899798,-3.1476784110398,-34.82720608796966,21.52277268204318,-12.304433405926476,13345
Humberto Castellanos,ARI,SP,999,44.1,-13.390538930107056,-8.835642475923786,-7.65388466819622,-5.27928907410586,-35.15935514833291,21.52277268204318,-12.636582466289724,21183
Mark Leiter Jr.,,RP,750.9299926757812,67.2,-8.920104681987127,-4.206856909083976,-3.4571709083026,-2.29503414581338,-18.87916664518708,5.097227315114666,-12.781939330072417,15551
Mychal Givens,BAL,RP,737.9000244140625,61.1,-4.23274578489778,-9.64606645165008,-3.66188865268766,-1.44238988058695,-18.983090769822475,5.097227315114666,-12.885863454707808,10430
Jose Urquidy,HOU,SP,289.6199951171875,164.1,-20.641136667097356,-12.375197838898575,2.78672029544155,-5.27928907410586,-35.50890328466023,21.52277268204318,-12.986130602617047,18413
Tommy Henry,ARI,SP,999,47,-12.60166558620972,-10.435214250722675,-7.2444491794261,-5.27928907410586,-35.56061809046436,21.52277268204318,-13.037845408421171,26285
Eduardo Rodriguez,DET,SP,328.6600036621094,91,-12.419309721714002,-14.55807104971828,-3.55952978049513,-5.27928907410586,-35.81619962603327,21.52277268204318,-13.293426943990085,13164
Aaron Civale,CLE,SP,311.239990234375,97,-21.667236349950237,-8.113912361866806,-0.898199103489429,-5.27928907410586,-35.95863688941231,21.52277268204318,-13.435864207369136,19479
Michael Lorenzen,DET,SP,456.3399963378906,97.2,-15.266120266518918,-13.301956250988466,-2.22886444199228,-5.27928907410586,-36.07623003360552,21.52277268204318,-13.553457351562335,14843
Mike Clevinger,CHW,SP,368.30999755859375,114.1,-18.8289529890439,-10.458976415970293,-1.61471120883711,-5.27928907410586,-36.18192968795716,21.52277268204318,-13.659157005913977,12808
Buck Farmer,CIN,RP,999,47,-5.348280575909836,-6.727377719079946,-5.40198947996062,-2.29503414581338,-19.77268192076378,5.097227315114666,-13.675454605649112,14814
Austin Pruitt,,RP,999,55.1,-8.584916050973831,-0.1994971467469925,-7.03973143504105,-4.00032267626622,-19.824467309028094,5.097227315114666,-13.72723999391343,15290
Tim Hill,SDP,RP,999,48,-4.169582301753421,-5.1236603380128845,-8.3703967735439,-2.29503414581338,-19.958673559123582,5.097227315114666,-13.861446244008919,16814
Will Smith,,RP,700.7899780273438,59,-7.524017559207561,-11.848552068498831,-4.27604188584281,3.67347571077157,-19.97513580277764,5.097227315114666,-13.877908487662976,8048
Tyler Mahle,MIN,SP,285.3399963378906,120.2,-20.79629250727078,-12.435439936689658,1.96784931790134,-5.27928907410586,-36.54317220016496,21.52277268204318,-14.020399518121778,16358
Jharel Cotton,,RP,999,43,-3.7163617885231104,-5.196883246970924,-6.93737256284853,-4.42664480887943,-20.27726240722199,5.097227315114666,-14.180035092107321,13654
Joey Krehbiel,BAL,RP,999,57.2,-7.106989491545437,-6.472064382892137,-6.32321932969336,-0.589745615360535,-20.49201881949147,5.097227315114666,-14.394791504376803,13707
Jonathan Loaisiga,NYY,RP,573.2100219726562,48,-6.889601680615876,-6.712733137288339,-7.14209030723358,-0.163423482747323,-20.907848607885118,5.097227315114666,-14.810621292770453,19753
Jarlin Garcia,PIT,RP,999,65,-6.7985397982814515,-5.934084313739181,-5.19727173557556,-3.1476784110398,-21.077574258635995,5.097227315114666,-14.980346943521328,18282
MacKenzie Gore,WSN,SP,393.69000244140625,70,-12.691799069236671,-16.454680066617513,-3.55952978049513,-4.85296694149265,-37.55897585784196,21.52277268204318,-15.036203175798775,22201
Reyes Moronta,TEX,RP,749.5900268554688,37.2,-6.200780564911687,-5.1758832194488456,-7.03973143504105,-2.72135627842659,-21.137751497828173,5.097227315114666,-15.040524182713504,14966
Tyler Rogers,SFG,RP,999,75.2,-6.743903499035668,-9.91630051876112,-5.91378384092325,1.11554291509231,-21.458444943627736,5.097227315114666,-15.361217628513067,15541
Phil Bickford,LAD,RP,999,61,-12.420006021194608,-2.2848261092628794,-4.07132414145777,-2.72135627842659,-21.497512550341842,5.097227315114666,-15.400285235227173,18519
Michael Pineda,,SP,746.3599853515625,46.2,-14.632631749541119,-9.811300381150739,-8.26803790135138,-5.27928907410586,-37.99125910614909,21.52277268204318,-15.468486424105908,5372
Wily Peralta,,RP,999,38.1,0.3907533295665979,-9.982891832857067,-7.65388466819622,-4.42664480887943,-21.67266798036611,5.097227315114666,-15.575440665251449,7738
Frankie Montas,NYY,SP,282.239990234375,144.1,-19.734927740463604,-16.905616939465283,3.60559127298177,-5.27928907410586,-38.31424248105298,21.52277268204318,-15.791469799009796,14309
Aroldis Chapman,KCR,RP,326.0299987792969,36.1,-6.500008850183664,-7.89341726407301,-6.52793707407841,-1.01606774797374,-21.937430936308836,5.097227315114666,-15.84020362119417,10233
Alex Cobb,SFG,SP,226.3800048828125,149.2,-15.627582597934204,-22.07487479347758,4.52682112271452,-5.27928907410586,-38.45492534280312,21.52277268204318,-15.93215266075994,6562
Manny Banuelos,,RP,999,41,-6.9804314631234305,-5.755863343645959,-6.63029594627094,-2.72135627842659,-22.08794703146692,5.097227315114666,-15.990719716352256,5365
Paul Blackburn,OAK,SP,572.7899780273438,111.1,-17.831682180075724,-13.681055759896033,-1.81942895322217,-5.27928907410586,-38.61145596729978,21.52277268204318,-16.088683285256597,14739
Jesse Chavez,ATL,RP,999,69.1,-7.496583359671236,-10.588291663500852,-3.35481203611008,-1.01606774797374,-22.45575480725591,5.097227315114666,-16.358527492141246,5448
Lucas Gilbreath,COL,RP,747.6599731445312,43,-6.436381167385567,-9.96410164479729,-5.91378384092325,-0.163423482747323,-22.477690135853432,5.097227315114666,-16.380462820738767,21290
Cole Irvin,BAL,SP,444.1700134277344,181,-23.29729833872202,-12.71036775538172,2.17256706228638,-5.27928907410586,-39.114388105923204,21.52277268204318,-16.591615423880018,19244
Steve Cishek,,RP,999,66.1,-10.126005055853005,-6.924388877232947,-3.35481203611008,-2.29503414581338,-22.700240115009404,5.097227315114666,-16.603012799894735,6483
Ryan Yarbrough,KCR,SP,639.760009765625,80,-14.504913221984774,-14.71916144942597,-4.68547737461293,-5.27928907410586,-39.188841120129524,21.52277268204318,-16.66606843808634,16502
Trent Thornton,TOR,RP,999,46,-6.5269788500662544,-5.1529495015960975,-7.14209030723358,-4.00032267626622,-22.822341335162147,5.097227315114666,-16.725114020047485,17948
Kyle Hendricks,CHC,SP,566.969970703125,84.1,-17.922976162237013,-11.95769573590218,-4.17368301365029,-5.27928907410586,-39.333643985895336,21.52277268204318,-16.810871303852156,12049
Genesis Cabrera,STL,RP,999,44.2,-8.829970161266587,-7.192134879274864,-7.65388466819622,0.689220782479098,-22.986768926258566,5.097227315114666,-16.8895416111439,17490
Emilio Pagan,MIN,RP,742.0700073242188,63,-10.969282599169258,-11.26028280824058,-2.3312233141848,1.54186504770552,-23.018923673889123,5.097227315114666,-16.921696358774458,14771
Matt Barnes,MIA,RP,662.3400268554688,39.2,-6.563403395461307,-8.854430587508363,-7.44916692381116,-0.163423482747323,-23.030424389528147,5.097227315114666,-16.93319707441348,12863
Noah Syndergaard,LAD,SP,304.4100036621094,134.2,-16.987940437105735,-16.467943256341684,-1.20527572006701,-5.27928907410586,-39.94044848762028,21.52277268204318,-17.417675805577097,11762
Albert Abreu,NYY,RP,999,38.2,-2.3020629118928126,-9.39876610239179,-7.03973143504105,-4.85296694149265,-23.59352739081829,5.097227315114666,-17.496300075703626,17485
Brett Martin,TEX,RP,999,50,-7.252224511165496,-8.8022077060724,-6.83501369065599,-1.01606774797374,-23.905513655867637,5.097227315114666,-17.80828634075297,17369
Michael Rucker,CHC,RP,999,54.2,-7.016391808864748,-7.575379994450599,-5.81142496873072,-3.57400054365301,-23.977197315699083,5.097227315114666,-17.879970000584418,19454
Joel Payamps,MIL,RP,999,55.2,-3.1176741558458754,-10.209190078118084,-6.73265481846347,-4.00032267626622,-24.05984172869365,5.097227315114666,-17.96261441357898,14332
Brent Suter,COL,RP,750.6799926757812,66.2,-7.378783577281088,-6.3402652232428665,-5.50434835215314,-4.85296694149265,-24.076364094169737,5.097227315114666,-17.97913677905507,13942
Jose Cuas,KCR,RP,999,37.2,-3.48076118604923,-13.121247215826125,-7.44916692381116,-0.163423482747323,-24.21459880843383,5.097227315114666,-18.117371493319165,17701
Victor Arano,WSN,RP,745,42,-7.615079441541983,-8.389673427313442,-6.42557820188589,-1.86871201320016,-24.29904308394148,5.097227315114666,-18.201815768826815,15915
Joely Rodriguez,BOS,RP,999,50.1,-9.038368664031008,-8.747774985174134,-5.09491286338304,-1.44238988058695,-24.323446393175136,5.097227315114666,-18.22621907806047,11487
Matt Foster,CHW,RP,999,45,-7.705677124222671,-7.286357815754983,-6.63029594627094,-2.72135627842659,-24.343687164675185,5.097227315114666,-18.24645984956052,19647
Jackson Stephens,ATL,RP,999,53.2,-5.4750707041587106,-9.179097375517664,-6.11850158530831,-3.57400054365301,-24.34667020863769,5.097227315114666,-18.249442893523025,14420
Amir Garrett,KCR,RP,999,45.1,-10.398494403375668,-7.2319250948567175,-5.91378384092325,-1.01606774797374,-24.560271087129383,5.097227315114666,-18.463043772014718,14375
Andres Machado,,RP,999,59.1,-3.8701229543481603,-10.734737481416936,-6.22086045750083,-4.00032267626622,-24.826043569532146,5.097227315114666,-18.728816254417477,14681
Dauri Moreta,PIT,RP,750.1300048828125,38.1,-10.489324185883225,-3.0969097026634267,-6.93737256284853,-4.42664480887943,-24.950251260274605,5.097227315114666,-18.85302394515994,21101
Jakob Junis,SFG,SP,625.47998046875,112,-19.400205384491223,-15.839607631369963,-0.898199103489429,-5.27928907410586,-41.41730119345646,21.52277268204318,-18.894528511413277,13619
Tyler Duffey,,RP,999,44,-9.791048524666575,-7.830693330638406,-6.93737256284853,-0.589745615360535,-25.148860033514033,5.097227315114666,-19.05163271839937,13758
Richard Bleier,BOS,RP,999,50.2,-4.477799895190538,-11.341794853259762,-7.65388466819622,-1.86871201320016,-25.342191429846675,5.097227315114666,-19.24496411473201,7803
Jeff Hoffman,,RP,999,44.2,-5.203277656116645,-9.310898611642136,-6.32321932969336,-4.85296694149265,-25.690362538944786,5.097227315114666,-19.59313522383012,17432
Jordan Weems,WSN,RP,999,39.2,-10.190095900611247,-3.557521256590177,-6.73265481846347,-5.27928907410586,-25.75956104977075,5.097227315114666,-19.662333734656084,13190
Chris Flexen,SEA,SP,628,137.2,-14.358518740923968,-22.25060977497687,-1.20527572006701,-4.42664480887943,-42.24104904484727,21.52277268204318,-19.71827636280409,13896
Charlie Morton,ATL,SP,162.47999572753906,172,-28.465544048404865,-18.668769255516196,10.054200221111,-5.27928907410586,-42.35940215691595,21.52277268204318,-19.83662947487277,4676
Dillon Peters,,RP,999,39.1,-7.497279659151837,-6.260410719422731,-8.26803790135138,-4.00032267626622,-26.026050956192165,5.097227315114666,-19.928823641077496,18790
Will Vest,DET,RP,749.4500122070312,63,-8.249263220306803,-10.200900942056942,-4.48075963022787,-3.1476784110398,-26.07860220363142,5.097227315114666,-19.98137488851675,19769
Yohan Ramirez,PIT,RP,999,37.1,-7.134656828602216,-7.349081749189586,-7.65388466819622,-4.00032267626622,-26.137945922254232,5.097227315114666,-20.04071860713957,19444
Jake Odorizzi,TEX,SP,573.7899780273438,106.1,-18.2851347931329,-16.932424267404986,-2.12650556979975,-5.27928907410586,-42.623353704443495,21.52277268204318,-20.10058102240031,6397
Craig Stammen,,RP,999,40.2,-7.198051373879859,-7.250713206441296,-7.34680805161863,-4.42664480887943,-26.22221744081922,5.097227315114666,-20.124990125704553,7274
Chris Archer,,SP,999,102.2,-19.34603328489917,-15.877188007489517,-2.3312233141848,-5.27928907410586,-42.833733680679345,21.52277268204318,-20.310960998636162,6345
Rich Hill,PIT,SP,574.5900268554688,124.1,-19.735394015504514,-18.25789459443149,0.227748490628373,-5.27928907410586,-43.044829193413484,21.52277268204318,-20.522056511370305,4806
Dominic Leone,,RP,999,49.1,-6.590374433037485,-15.118710764067565,-5.60670722434567,0.689220782479098,-26.626571638971626,5.097227315114666,-20.529344323856954,13763
Tanner Scott,MIA,RP,529.969970703125,62.2,-10.280229383638202,-19.641114801229563,-1.71707008102964,4.9524421086112,-26.685972157286198,5.097227315114666,-20.588744842171533,17586
Ian Gibaut,CIN,RP,744.0800170898438,36,-6.527210949893122,-10.596304650430367,-6.01614271311578,-3.57400054365301,-26.71365885709228,5.097227315114666,-20.61643154197761,17871
Ranger Suarez,PHI,SP,295.5199890136719,155.1,-14.92930486133038,-25.219581469226693,2.27492593447892,-5.27928907410586,-43.15324947018401,21.52277268204318,-20.63047678814083,17277
Dennis Santana,ATL,RP,999,58.2,-14.99502248026387,-9.635565399651442,-5.40198947996062,3.24715357815836,-26.78542378171757,5.097227315114666,-20.688196466602903,17878
Kirk McCarty,,RP,999,37.2,-7.107453691199171,-6.2352650856324825,-8.26803790135138,-5.27928907410586,-26.890045752288884,5.097227315114666,-20.79281843717422,20555
Hirokazu Sawamura,,RP,999,50.2,-5.384473021478022,-10.812103920167942,-6.83501369065599,-4.00032267626622,-27.031913308568182,5.097227315114666,-20.934685993453513,27515
Austin Voth,BAL,SP,673.030029296875,101.2,-16.898039053905645,-20.129360054015677,-1.71707008102964,-4.85296694149265,-43.597436130443604,21.52277268204318,-21.074663448400422,15047
Tyler Danish,,RP,999,40.1,-9.94527389014536,-5.716075204539304,-7.65388466819622,-4.00032267626622,-27.31555643914709,5.097227315114666,-21.218329124032426,15126
Zach Davies,ARI,SP,665.3400268554688,134.1,-18.828486714002988,-19.170826489748656,-0.488763614719316,-5.27928907410586,-43.76736589257681,21.52277268204318,-21.24459321053363,13183
Joe Kelly,CHW,RP,717.6900024414062,37,-12.601897686036587,-11.111351001730577,-5.50434835215314,1.54186504770552,-27.67573199221479,5.097227315114666,-21.578504677100124,9761
Aaron Ashby,MIL,SP,233.58999633789062,107.1,-18.919782771551457,-22.744379949623383,1.96784931790134,-4.42664480887943,-44.12295821215294,21.52277268204318,-21.60018553010976,23550
Carlos Carrasco,NYM,SP,296.760009765625,152,-19.399276985183747,-24.25857022226654,4.62917999490704,-5.27928907410586,-44.30795628664911,21.52277268204318,-21.785183604605923,6632
Tommy Nance,MIA,RP,999,43.2,-7.288649056560549,-11.44430692580102,-5.09491286338304,-4.42664480887943,-28.25451365462404,5.097227315114666,-22.15728633950938,19178
Wil Crowe,PIT,RP,749.5499877929688,76,-12.872994434598048,-14.777739776592403,-3.96896526926524,3.24715357815836,-28.372545902297333,5.097227315114666,-22.275318587182667,19800
Alex Faedo,DET,SP,999,53.2,-15.448475093321049,-17.65415230498676,-6.42557820188589,-5.27928907410586,-44.807494674299555,21.52277268204318,-22.28472199225637,19874
Duane Underwood Jr.,PIT,RP,999,57.1,-9.854212007810936,-12.882790377367424,-5.09491286338304,-0.589745615360535,-28.42166086392193,5.097227315114666,-22.32443354880726,14677
Jason Foley,DET,RP,707.3400268554688,60.1,-7.224790311629169,-11.249783832717142,-6.52793707407841,-3.57400054365301,-28.576511762077736,5.097227315114666,-22.479284446963067,19531
John King,TEX,RP,999,51.1,-6.952997263587106,-11.911276001933434,-7.85860241258126,-1.86871201320016,-28.591587691301967,5.097227315114666,-22.494360376187302,22051
Zack Littell,,RP,999,44.1,-10.670519551244602,-8.305951542831966,-6.93737256284853,-2.72135627842659,-28.63519993535168,5.097227315114666,-22.537972620237007,15823
Spencer Howard,TEX,SP,749.0700073242188,37.2,-17.987531206648995,-14.180629082009764,-7.65388466819622,-5.27928907410586,-45.10133403096082,21.52277268204318,-22.578561348917646,23252
Zack Greinke,KCR,SP,633.0700073242188,137,-13.506249814055396,-22.889166149865215,-3.4571709083026,-5.27928907410586,-45.13187594632907,21.52277268204318,-22.60910326428589,1943
Corey Kluber,BOS,SP,413.92999267578125,164,-27.015052726206388,-16.13747124438997,3.29851465640419,-5.27928907410586,-45.13329838829802,21.52277268204318,-22.61052570625484,2429
Brayan Bello,BOS,SP,336.30999755859375,57.1,-11.667558260385906,-22.946918106111973,-5.29963060776809,-5.27928907410586,-45.19339604837183,21.52277268204318,-22.67062336632864,23920
Shawn Armstrong,TBR,RP,999,61.2,-10.552254531507133,-10.651013520460253,-4.17368301365029,-3.57400054365301,-28.950951609270685,5.097227315114666,-22.85372429415602,12857
Jose Ruiz,CHW,RP,999,60.2,-11.730952805663552,-12.784421834619138,-3.96896526926524,-0.589745615360535,-29.07408552490847,5.097227315114666,-22.9768582097938,14552
Garrett Richards,,RP,999,42.2,-11.187366709579422,-7.22142404285808,-7.2444491794261,-3.57400054365301,-29.227240475516616,5.097227315114666,-23.130013160401948,9784
Tyler Beede,,SP/RP,999,61.1,-15.112823300347602,-19.710194180394634,-6.93737256284853,-4.00032267626622,-45.76071271985698,21.52277268204318,-23.237940037813793,16981
Mark Melancon,ARI,RP,497.3399963378906,56,-11.060112381676815,-14.011249546240933,-7.34680805161863,2.82083144554515,-29.59733853399122,5.097227315114666,-23.500111218876555,4264
Noe Ramirez,,RP,999,50,-12.692263268890407,-10.391280505347853,-5.7090660965382,-1.01606774797374,-29.808677618750202,5.097227315114666,-23.71145030363554,12800
Kutter Crawford,BOS,SP,705.7899780273438,77.1,-21.64049844989451,-16.297735273177988,-3.0477354195325,-5.27928907410586,-46.26525821671084,21.52277268204318,-23.74248553466766,20531
Elieser Hernandez,NYM,SP/RP,718.6599731445312,62.1,-23.00085628906604,-13.3392584015012,-4.78783624680545,-5.27928907410586,-46.40724001147854,21.52277268204318,-23.88446732943536,16933
Tyler Alexander,DET,SP,746.4000244140625,101,-21.48580888476199,-15.471007097985831,-4.68547737461293,-4.85296694149265,-46.49526029885339,21.52277268204318,-23.97248761681021,17735
Trevor Megill,MIN,RP,750.760009765625,45,-9.51902337679764,-10.994194347397713,-5.91378384092325,-4.00032267626622,-30.427324241384827,5.097227315114666,-24.330096926270155,17722
Adrian Martinez,OAK,SP,750.0999755859375,57.2,-20.707086385857718,-15.476810245453052,-5.50434835215314,-5.27928907410586,-46.96753405756976,21.52277268204318,-24.444761375526582,21023
Caleb Smith,,RP,999,70,-9.971779690374216,-12.746843534974783,-4.27604188584281,-3.57400054365301,-30.56866565484483,5.097227315114666,-24.471438339730163,14875
Lou Trivino,NYY,RP,688.5900268554688,53.2,-10.008436335596137,-17.65415230498676,-4.07132414145777,1.11554291509231,-30.618369866948356,5.097227315114666,-24.521142551833687,15043
Jake Bird,COL,RP,999,47.2,-10.733914096522245,-10.326346732450952,-6.63029594627094,-3.1476784110398,-30.83823518628394,5.097227315114666,-24.741007871169273,21267
Cristopher Sanchez,PHI,RP,749.0999755859375,40,-11.78582224242979,-7.359580724713021,-7.34680805161863,-4.42664480887943,-30.918855827640872,5.097227315114666,-24.82162851252621,20778
Adam Wainwright,STL,SP,353.9700012207031,191.2,-19.615969534326293,-26.22702075605639,3.70795014517429,-5.27928907410586,-47.414329219314254,21.52277268204318,-24.89155653727107,2233
Daniel Norris,,RP,999,58.2,-14.99502248026387,-7.516801667284169,-4.17368301365029,-4.42664480887943,-31.11215197007777,5.097227315114666,-25.014924654963103,13475
Ian Kennedy,,RP,746.239990234375,50.1,-13.571734295468435,-14.574375249184138,-6.42557820188589,3.24715357815836,-31.3245341683801,5.097227315114666,-25.22730685326543,6986
Zach Plesac,CLE,SP,524.3099975585938,131.2,-21.43070838586247,-20.749404466451068,-0.693481359104371,-5.27928907410586,-48.15288328552376,21.52277268204318,-25.630110603480578,19979
Ryan Brasier,BOS,RP,999,62.1,-19.374163783916096,-9.101730936766652,-4.37840075803535,0.689220782479098,-32.165074696238996,5.097227315114666,-26.067847381124334,5615
Robert Stephenson,PIT,RP,665.4099731445312,58,-15.95610084366386,-9.214741984831349,-5.29963060776809,-1.86871201320016,-32.33918544946347,5.097227315114666,-26.2419581343488,13594
Vladimir Gutierrez,CIN,SP,999,36.2,-18.25955635451793,-17.373419262352286,-7.9609612847738,-5.27928907410586,-48.873225975749854,21.52277268204318,-26.350453293706675,19278
James Kaprielian,OAK,SP,607.4099731445312,134,-20.66903714167459,-22.403408962148216,-0.898199103489429,-5.27928907410586,-49.249934281418085,21.52277268204318,-26.7271615993749,18331
Chris Stratton,STL,RP,999,63.1,-10.035407373172314,-17.03245035135232,-4.78783624680545,-1.01606774797374,-32.87176171930383,5.097227315114666,-26.774534404189165,13761
Justin Lawrence,COL,RP,999,42.2,-13.000712962154392,-11.988642440684448,-6.01614271311578,-1.86871201320016,-32.87421012915478,5.097227315114666,-26.776982814040114,17639
Jake Diekman,CHW,RP,749.8800048828125,57.2,-13.453701375557834,-18.65495584400397,-2.84301767514744,1.96818718031873,-32.98348771439051,5.097227315114666,-26.886260399275848,5003
Alex Wood,SFG,SP,347.4100036621094,130.2,-31.67613792289374,-14.93744878423267,2.47964367886397,-5.27928907410586,-49.41323210236829,21.52277268204318,-26.890459420325115,13781
Jake McGee,,RP,999,37,-15.32191706489904,-7.9332054031796675,-8.3703967735439,-2.29503414581338,-33.92055338743599,5.097227315114666,-27.823326072321326,7550
Yunior Marte,PHI,RP,999,48,-13.236313564628272,-10.420569668931071,-6.42557820188589,-4.42664480887943,-34.50910624432466,5.097227315114666,-28.411878929209998,14416
Zach Logue,,SP,999,57,-23.481511001832676,-15.585677763724778,-6.63029594627094,-5.27928907410586,-50.97677378593425,21.52277268204318,-28.454001103891063,20231
Art Warren,NYY,RP,999,36,-13.780595960193004,-11.655686516614004,-6.83501369065599,-2.29503414581338,-34.56633031327639,5.097227315114666,-28.469102998161716,18251
Hunter Strickland,,RP,999,62.1,-13.934125026191184,-15.987713066960293,-4.78783624680545,-0.589745615360535,-35.29941995531747,5.097227315114666,-29.202192640202803,7836
Trevor Richards,TOR,RP,999,64,-17.043969335312724,-13.894092891908064,-2.53594105856986,-1.86871201320016,-35.34271529899081,5.097227315114666,-29.24548798387615,19309
Paolo Espino,WSN,SP,750.760009765625,113.1,-24.541016894637742,-20.537748726506457,-1.51235233664459,-5.27928907410586,-51.87040703189464,21.52277268204318,-29.347634349851457,8246
Aaron Sanchez,,SP/RP,999,60,-23.572108684513367,-16.60112588453359,-6.73265481846347,-5.27928907410586,-52.185178461616275,21.52277268204318,-29.6624057795731,11490
Rowan Wick,CHC,RP,694.4099731445312,64,-9.79058432501284,-22.36914782137716,-3.86660639707271,0.262898649865887,-35.76343989359682,5.097227315114666,-29.666212578482153,14646
Ty Blach,,RP,999,44.1,-14.29721205639454,-8.835642475923786,-7.9609612847738,-4.85296694149265,-35.94678275858477,5.097227315114666,-29.84955544347009,14361
Mitch Keller,PIT,SP,395.1700134277344,159,-19.30844720267619,-31.042040279918925,3.19615578421166,-5.27928907410586,-52.4336207724893,21.52277268204318,-29.91084809044612,17594
Mike Mayers,,RP,999,50.2,-15.357877410640357,-9.752722053984305,-6.32321932969336,-4.85296694149265,-36.28678573581066,5.097227315114666,-30.18955842069599,15451
Spenser Watkins,BAL,SP,999,105.1,-21.277179319864292,-21.714287247022956,-4.48075963022787,-5.27928907410586,-52.751515271220974,21.52277268204318,-30.228742589177788,17489
Tucker Davidson,LAA,SP,750.6400146484375,52,-21.214944236027396,-18.837046271233735,-7.55152579600368,-5.27928907410586,-52.88280537737066,21.52277268204318,-30.360032695327487,19871
Bruce Zimmermann,BAL,SP,999,73.2,-24.514743194235752,-17.890953678721612,-5.91378384092325,-4.85296694149265,-53.17244765537326,21.52277268204318,-30.649674973330082,20370
Bryan Shaw,,RP,999,58.1,-15.928898743954399,-12.868145795575817,-5.60670722434567,-2.72135627842659,-37.12510804230248,5.097227315114666,-31.027880727187814,8110
Jason Alexander,MIL,SP,999,71.2,-19.618754732248703,-22.6874612401312,-6.22086045750083,-5.27928907410586,-53.806365503986584,21.52277268204318,-31.2835928219434,19666
Graham Ashcraft,CIN,SP,510.3800048828125,105,-23.117727672148717,-21.768719967921218,-3.66188865268766,-5.27928907410586,-53.827625366863444,21.52277268204318,-31.30485268482026,27552
Yusei Kikuchi,TOR,SP,536.969970703125,100.2,-25.330122338361946,-25.440913966725468,1.76313157351628,-4.85296694149265,-53.86087167306378,21.52277268204318,-31.3380989910206,20633
Josh Staumont,KCR,RP,750.5399780273438,37.2,-14.360838701499054,-14.710320015101582,-6.52793707407841,-1.86871201320016,-37.46780780387922,5.097227315114666,-31.370580488764553,18335
Adrian Houser,MIL,SP,714.0700073242188,102.2,-21.15937953747414,-23.822552003866793,-3.86660639707271,-5.27928907410586,-54.12782701251949,21.52277268204318,-31.605054330476307,12718
Drew Hutchison,TOR,SP,746.9000244140625,105.1,-19.46383306728932,-25.422123778665686,-3.96896526926524,-5.27928907410586,-54.134211189326095,21.52277268204318,-31.61143850728292,10732
Glenn Otto,TEX,SP,651,135.2,-26.689319678399144,-22.27989893856008,0.0230307462433187,-5.27928907410586,-54.22547694482176,21.52277268204318,-31.702704262778575,21366
Taylor Hearn,TEX,SP,746.75,100,-24.477853411493378,-25.02008847543018,-1.00055797568195,-4.00032267626622,-54.498822538871735,21.52277268204318,-31.976049856828553,18325
Kyle Bradish,BAL,SP,365.8999938964844,117.2,-26.14573358231501,-23.602883276992674,0.432466235013427,-5.27928907410586,-54.5954396984001,21.52277268204318,-32.072667016356924,24586
Alex Colome,,RP,746.760009765625,47,-14.41501183878469,-16.261814514732677,-7.65388466819622,-0.589745615360535,-38.92045663707412,5.097227315114666,-32.823229321959445,6661
Josh Winckowski,BOS,SP,999,70.1,-22.638001358689557,-21.167465743545616,-6.42557820188589,-5.27928907410586,-55.5103343782269,21.52277268204318,-32.987561696183725,22387
Nick Nelson,PHI,RP,999,68.2,-14.99479141813059,-16.904794721496014,-3.86660639707271,-3.57400054365301,-39.34019308035232,5.097227315114666,-33.24296576523765,20153
Dylan Bundy,,SP,733.719970703125,140,-30.823636896198302,-18.60770493975585,-1.30763459225953,-5.27928907410586,-56.018265502319544,21.52277268204318,-33.49549282027636,12917
Joel Kuhnel,CIN,RP,999,58,-21.39613960138877,-11.333505717198621,-5.19727173557556,-2.72135627842659,-40.64827333258955,5.097227315114666,-34.55104601747488,19995
Luke Weaver,CIN,RP,747.1400146484375,35.2,-13.998215870949434,-15.269300111776614,-7.03973143504105,-5.27928907410586,-41.586536491872955,5.097227315114666,-35.48930917675829,16918
Kirby Snead,OAK,RP,999,44.2,-14.270008918991497,-17.256262608019416,-7.34680805161863,-2.72135627842659,-41.594435857056126,5.097227315114666,-35.49720854194147,19179
Ryan Feltner,COL,SP,747.280029296875,97.1,-30.706765513115634,-19.71268016898855,-2.3312233141848,-5.27928907410586,-58.02995807039483,21.52277268204318,-35.50718538835165,21446
Mitch White,TOR,SP,735.1699829101562,99,-27.469897938224772,-22.91596932485451,-2.94537654733996,-5.27928907410586,-58.61053288452509,21.52277268204318,-36.08776020248192,19225
Sean Manaea,SFG,SP,290.69000244140625,158,-35.90058862371986,-22.581629932241434,5.03861548367714,-5.27928907410586,-58.72289214639,21.52277268204318,-36.20011946434682,15873
Jeurys Familia,,RP,745.760009765625,44.1,-15.20388518268203,-18.370079271576518,-6.73265481846347,-2.29503414581338,-42.60165341853539,5.097227315114666,-36.504426103420734,5114
Austin Davis,HOU,RP,999,56,-17.406824265689213,-17.189395144791845,-4.37840075803535,-4.00032267626622,-42.97494284478262,5.097227315114666,-36.87771552966796,17117
Jose Urena,COL,SP,747.6199951171875,97,-22.57390947623772,-27.71247688626409,-4.48075963022787,-5.27928907410586,-60.04643506683552,21.52277268204318,-37.52366238479234,11589
Ian Anderson,ATL,SP,479.7200012207031,111.2,-25.96453821695363,-28.987660098660506,-1.00055797568195,-5.27928907410586,-61.23204536540193,21.52277268204318,-38.709272683358755,19951
Jon Heasley,KCR,SP,999,104,-27.016445325167595,-25.491201081355563,-3.76424752488019,-5.27928907410586,-61.551183005509195,21.52277268204318,-39.02841032346601,22224
Marco Gonzales,SEA,SP,512.969970703125,183,-26.379940548134098,-29.6311884507367,-0.386404742526789,-5.27928907410586,-61.67682281550344,21.52277268204318,-39.15405013346026,15467
Josiah Gray,WSN,SP,385.6199951171875,148.2,-34.93974339784033,-26.327046840003728,4.83389773929209,-5.27928907410586,-61.712181572657826,21.52277268204318,-39.18940889061464,24580
Adam Oller,OAK,SP,999,74.1,-26.98993952493874,-23.75734208183827,-6.22086045750083,-4.85296694149265,-61.82110900577049,21.52277268204318,-39.298336323727305,20132
Trevor Rogers,MIA,SP,246.07000732421875,107,-29.827062386710736,-27.036340135256193,-0.0793281259492083,-5.27928907410586,-62.22201972202198,21.52277268204318,-39.6992470399788,22286
Dane Dunning,TEX,SP,687.6599731445312,153.1,-27.260105798805558,-33.194234629187186,3.09379691201913,-5.27928907410586,-62.63983259007946,21.52277268204318,-40.117059908036275,19409
Carlos Hernandez,KCR,SP/RP,748.3599853515625,56,-26.473555528564066,-24.07537727498548,-7.34680805161863,-4.85296694149265,-62.74870779666082,21.52277268204318,-40.22593511461764,22713
JT Brubaker,PIT,SP,499.1700134277344,144,-28.82886317843509,-33.380472739160325,4.1173856339444,-5.27928907410586,-63.371239357756856,21.52277268204318,-40.84846667571368,17578
Dakota Hudson,STL,SP,735.9299926757812,139.2,-24.694545960635924,-31.22606647395457,-2.94537654733996,-5.27928907410586,-64.14527805603632,21.52277268204318,-41.622505373993135,19206
Reiver Sanmartin,CIN,RP,999,57,-20.76149162297022,-19.293514295367512,-6.11850158530831,-2.29503414581338,-48.46854164945942,5.097227315114666,-42.37131433434475,19754
Antonio Senzatela,COL,SP,999,92.1,-22.09348686329795,-32.49848547215025,-5.40198947996062,-5.27928907410586,-65.27325088951467,21.52277268204318,-42.75047820747148,15488
Bryse Wilson,MIL,SP,750.4099731445312,115.2,-33.036495762065265,-24.161863373667707,-2.84301767514744,-5.27928907410586,-65.32066588498625,21.52277268204318,-42.79789320294308,19990
Joan Adon,WSN,SP,999,64.2,-28.77631577763112,-25.968118911223364,-5.29963060776809,-5.27928907410586,-65.32335437072842,21.52277268204318,-42.800581688685234,22925
Austin Gomber,COL,SP,744.3099975585938,124.2,-36.028308188969795,-22.970680271359594,-1.20527572006701,-5.27928907410586,-65.48355325450224,21.52277268204318,-42.960780572459065,16561
Nick Pivetta,BOS,SP,408.69000244140625,179.2,-33.76034882420332,-33.81842880084115,6.98343405533516,-5.27928907410586,-65.87463264381516,21.52277268204318,-43.351859961771964,15454
Jhoulys Chacin,,RP,999,47.1,-23.454541001950084,-14.618308994558962,-7.14209030723358,-4.42664480887943,-49.641585112622046,5.097227315114666,-43.54435779750738,2608
Jordan Lyles,KCR,SP,558.47998046875,179,-31.094733644759764,-33.927294242637664,3.81030901736682,-5.27928907410586,-66.49100794413647,21.52277268204318,-43.96823526209329,7593
Kyle Gibson,BAL,SP,467.5899963378906,167.2,-39.744669977492954,-27.637872585238632,3.81030901736682,-5.27928907410586,-68.8515226194706,21.52277268204318,-46.32874993742743,10123
Zach Thompson,TOR,SP,747.239990234375,121.2,-30.497671748564194,-31.48966894620352,-1.71707008102964,-5.27928907410586,-68.9836998499032,21.52277268204318,-46.460927167860014,16094
Lucas Giolito,CHW,SP,148.58999633789062,161.2,-35.93678210698164,-35.14141313927373,7.18815179972022,-5.27928907410586,-69.16933252064099,21.52277268204318,-46.64655983859782,15474
Kyle Freeland,COL,SP,629.030029296875,174.2,-32.40045518468551,-35.480724509074655,2.47964367886397,-5.27928907410586,-70.68082508900204,21.52277268204318,-48.158052406958866,16256
Mike Minor,,SP,999,98,-33.18196184381862,-31.405668836115215,-3.15009429172502,-5.27928907410586,-73.0170140457647,21.52277268204318,-50.49424136372152,10021
Brad Keller,KCR,SP,737.5499877929688,139.2,-33.76127722351078,-35.46359393868912,-0.488763614719316,-4.42664480887943,-74.14027958579867,21.52277268204318,-51.61750690375547,15734
Daniel Lynch,KCR,SP,586.9000244140625,131.2,-32.3107859013123,-38.22920525848108,1.55841382913123,-5.27928907410586,-74.260866404768,21.52277268204318,-51.73809372272482,21537
Madison Bumgarner,ARI,SP,689.030029296875,158.2,-34.939511298013464,-34.655655951556746,0.534825107205954,-5.27928907410586,-74.3396312164701,21.52277268204318,-51.81685853442692,5524
German Marquez,COL,SP,472,181.2,-41.37635666505281,-32.729757771074304,4.42446225052198,-5.27928907410586,-74.96094125971099,21.52277268204318,-52.43816857766781,15038
Jose Berrios,TOR,SP,244.13999938964844,172,-43.87898719529211,-35.618879114454394,4.32210337832946,-5.27928907410586,-80.45505200552289,21.52277268204318,-57.93227932347972,14168
Chad Kuhl,,SP,999,137,-41.61311672896744,-38.25020320952795,0.3301073628209,-5.27928907410586,-84.81250164978034,21.52277268204318,-62.28972896773717,14975
Dallas Keuchel,TEX,SP,999,60.2,-39.837819720575595,-33.442368225200056,-6.32321932969336,-5.27928907410586,-84.88269634957487,21.52277268204318,-62.35992366753169,9434
Erick Fedde,,SP,999,127,-39.80000257621934,-40.515412759811305,-1.30763459225953,-5.27928907410586,-86.90233900239605,21.52277268204318,-64.37956632035285,17425
Kris Bubic,KCR,SP,734.5900268554688,129,-37.44260602790651,-45.78303292714629,0.3301073628209,-5.27928907410586,-88.17482066633772,21.52277268204318,-65.65204798429454,21455
Patrick Corbin,WSN,SP,701.4099731445312,152.2,-55.61179783726426,-54.34208796670367,2.17256706228638,-5.27928907410586,-113.06060781578739,21.52277268204318,-90.53783513374422,9323